month,facility,indicator,value,target
2023-01,North Shore Hospital,Hand Hygiene Compliance (%),81.24,80.0
2023-01,North Shore Hospital,Falls per 1000 Bed Days,4.88,5.0
2023-01,North Shore Hospital,Medication Errors per 1000 Admissions,3.23,2.5
2023-01,North Shore Hospital,Pressure Injuries per 1000 Bed Days,1.81,1.5
2023-01,North Shore Hospital,Patient Experience Score (%),83.13,85.0
2023-01,North Shore Hospital,HAI Rate per 1000 Bed Days,1.94,1.5
2023-01,North Shore Hospital,Complaint Resolution within 20 Days (%),70.42,80.0
2023-01,North Shore Hospital,Adverse Event Closure within 30 Days (%),61.73,75.0
2023-01,Waitakere Hospital,Hand Hygiene Compliance (%),85.56,80.0
2023-01,Waitakere Hospital,Falls per 1000 Bed Days,4.81,5.0
2023-01,Waitakere Hospital,Medication Errors per 1000 Admissions,1.9,2.5
2023-01,Waitakere Hospital,Pressure Injuries per 1000 Bed Days,2.44,1.5
2023-01,Waitakere Hospital,Patient Experience Score (%),74.47,85.0
2023-01,Waitakere Hospital,HAI Rate per 1000 Bed Days,2.78,1.5
2023-01,Waitakere Hospital,Complaint Resolution within 20 Days (%),59.78,80.0
2023-01,Waitakere Hospital,Adverse Event Closure within 30 Days (%),56.51,75.0
2023-01,Community Services North,Hand Hygiene Compliance (%),86.03,80.0
2023-01,Community Services North,Falls per 1000 Bed Days,6.83,5.0
2023-01,Community Services North,Medication Errors per 1000 Admissions,3.72,2.5
2023-01,Community Services North,Pressure Injuries per 1000 Bed Days,0.68,1.5
2023-01,Community Services North,Patient Experience Score (%),76.58,85.0
2023-01,Community Services North,HAI Rate per 1000 Bed Days,2.78,1.5
2023-01,Community Services North,Complaint Resolution within 20 Days (%),69.36,80.0
2023-01,Community Services North,Adverse Event Closure within 30 Days (%),60.11,75.0
2023-01,Community Services West,Hand Hygiene Compliance (%),78.75,80.0
2023-01,Community Services West,Falls per 1000 Bed Days,3.21,5.0
2023-01,Community Services West,Medication Errors per 1000 Admissions,3.58,2.5
2023-01,Community Services West,Pressure Injuries per 1000 Bed Days,3.08,1.5
2023-01,Community Services West,Patient Experience Score (%),81.31,85.0
2023-01,Community Services West,HAI Rate per 1000 Bed Days,0.78,1.5
2023-01,Community Services West,Complaint Resolution within 20 Days (%),74.26,80.0
2023-01,Community Services West,Adverse Event Closure within 30 Days (%),62.17,75.0
2023-02,North Shore Hospital,Hand Hygiene Compliance (%),84.74,80.0
2023-02,North Shore Hospital,Falls per 1000 Bed Days,5.91,5.0
2023-02,North Shore Hospital,Medication Errors per 1000 Admissions,4.08,2.5
2023-02,North Shore Hospital,Pressure Injuries per 1000 Bed Days,2.5,1.5
2023-02,North Shore Hospital,Patient Experience Score (%),82.9,85.0
2023-02,North Shore Hospital,HAI Rate per 1000 Bed Days,1.98,1.5
2023-02,North Shore Hospital,Complaint Resolution within 20 Days (%),65.08,80.0
2023-02,North Shore Hospital,Adverse Event Closure within 30 Days (%),66.2,75.0
2023-02,Waitakere Hospital,Hand Hygiene Compliance (%),78.77,80.0
2023-02,Waitakere Hospital,Falls per 1000 Bed Days,4.6,5.0
2023-02,Waitakere Hospital,Medication Errors per 1000 Admissions,3.14,2.5
2023-02,Waitakere Hospital,Pressure Injuries per 1000 Bed Days,0.97,1.5
2023-02,Waitakere Hospital,Patient Experience Score (%),86.88,85.0
2023-02,Waitakere Hospital,HAI Rate per 1000 Bed Days,2.37,1.5
2023-02,Waitakere Hospital,Complaint Resolution within 20 Days (%),72.41,80.0
2023-02,Waitakere Hospital,Adverse Event Closure within 30 Days (%),57.54,75.0
2023-02,Community Services North,Hand Hygiene Compliance (%),81.49,80.0
2023-02,Community Services North,Falls per 1000 Bed Days,3.41,5.0
2023-02,Community Services North,Medication Errors per 1000 Admissions,4.5,2.5
2023-02,Community Services North,Pressure Injuries per 1000 Bed Days,3.12,1.5
2023-02,Community Services North,Patient Experience Score (%),69.89,85.0
2023-02,Community Services North,HAI Rate per 1000 Bed Days,0.83,1.5
2023-02,Community Services North,Complaint Resolution within 20 Days (%),65.86,80.0
2023-02,Community Services North,Adverse Event Closure within 30 Days (%),64.15,75.0
2023-02,Community Services West,Hand Hygiene Compliance (%),87.97,80.0
2023-02,Community Services West,Falls per 1000 Bed Days,4.23,5.0
2023-02,Community Services West,Medication Errors per 1000 Admissions,4.87,2.5
2023-02,Community Services West,Pressure Injuries per 1000 Bed Days,0.0,1.5
2023-02,Community Services West,Patient Experience Score (%),81.41,85.0
2023-02,Community Services West,HAI Rate per 1000 Bed Days,3.92,1.5
2023-02,Community Services West,Complaint Resolution within 20 Days (%),69.89,80.0
2023-02,Community Services West,Adverse Event Closure within 30 Days (%),66.14,75.0
2023-03,North Shore Hospital,Hand Hygiene Compliance (%),81.9,80.0
2023-03,North Shore Hospital,Falls per 1000 Bed Days,5.49,5.0
2023-03,North Shore Hospital,Medication Errors per 1000 Admissions,3.33,2.5
2023-03,North Shore Hospital,Pressure Injuries per 1000 Bed Days,1.23,1.5
2023-03,North Shore Hospital,Patient Experience Score (%),76.66,85.0
2023-03,North Shore Hospital,HAI Rate per 1000 Bed Days,2.33,1.5
2023-03,North Shore Hospital,Complaint Resolution within 20 Days (%),66.26,80.0
2023-03,North Shore Hospital,Adverse Event Closure within 30 Days (%),56.68,75.0
2023-03,Waitakere Hospital,Hand Hygiene Compliance (%),80.59,80.0
2023-03,Waitakere Hospital,Falls per 1000 Bed Days,5.1,5.0
2023-03,Waitakere Hospital,Medication Errors per 1000 Admissions,4.13,2.5
2023-03,Waitakere Hospital,Pressure Injuries per 1000 Bed Days,1.56,1.5
2023-03,Waitakere Hospital,Patient Experience Score (%),79.39,85.0
2023-03,Waitakere Hospital,HAI Rate per 1000 Bed Days,2.61,1.5
2023-03,Waitakere Hospital,Complaint Resolution within 20 Days (%),66.9,80.0
2023-03,Waitakere Hospital,Adverse Event Closure within 30 Days (%),52.92,75.0
2023-03,Community Services North,Hand Hygiene Compliance (%),81.76,80.0
2023-03,Community Services North,Falls per 1000 Bed Days,3.39,5.0
2023-03,Community Services North,Medication Errors per 1000 Admissions,2.61,2.5
2023-03,Community Services North,Pressure Injuries per 1000 Bed Days,0.64,1.5
2023-03,Community Services North,Patient Experience Score (%),85.1,85.0
2023-03,Community Services North,HAI Rate per 1000 Bed Days,1.4,1.5
2023-03,Community Services North,Complaint Resolution within 20 Days (%),65.76,80.0
2023-03,Community Services North,Adverse Event Closure within 30 Days (%),64.73,75.0
2023-03,Community Services West,Hand Hygiene Compliance (%),80.17,80.0
2023-03,Community Services West,Falls per 1000 Bed Days,7.9,5.0
2023-03,Community Services West,Medication Errors per 1000 Admissions,1.75,2.5
2023-03,Community Services West,Pressure Injuries per 1000 Bed Days,3.8,1.5
2023-03,Community Services West,Patient Experience Score (%),77.4,85.0
2023-03,Community Services West,HAI Rate per 1000 Bed Days,0.03,1.5
2023-03,Community Services West,Complaint Resolution within 20 Days (%),55.21,80.0
2023-03,Community Services West,Adverse Event Closure within 30 Days (%),53.13,75.0
2023-04,North Shore Hospital,Hand Hygiene Compliance (%),83.53,80.0
2023-04,North Shore Hospital,Falls per 1000 Bed Days,5.38,5.0
2023-04,North Shore Hospital,Medication Errors per 1000 Admissions,3.35,2.5
2023-04,North Shore Hospital,Pressure Injuries per 1000 Bed Days,1.7,1.5
2023-04,North Shore Hospital,Patient Experience Score (%),83.44,85.0
2023-04,North Shore Hospital,HAI Rate per 1000 Bed Days,2.03,1.5
2023-04,North Shore Hospital,Complaint Resolution within 20 Days (%),56.69,80.0
2023-04,North Shore Hospital,Adverse Event Closure within 30 Days (%),61.86,75.0
2023-04,Waitakere Hospital,Hand Hygiene Compliance (%),84.47,80.0
2023-04,Waitakere Hospital,Falls per 1000 Bed Days,5.06,5.0
2023-04,Waitakere Hospital,Medication Errors per 1000 Admissions,2.68,2.5
2023-04,Waitakere Hospital,Pressure Injuries per 1000 Bed Days,1.58,1.5
2023-04,Waitakere Hospital,Patient Experience Score (%),80.21,85.0
2023-04,Waitakere Hospital,HAI Rate per 1000 Bed Days,1.82,1.5
2023-04,Waitakere Hospital,Complaint Resolution within 20 Days (%),62.41,80.0
2023-04,Waitakere Hospital,Adverse Event Closure within 30 Days (%),54.73,75.0
2023-04,Community Services North,Hand Hygiene Compliance (%),83.07,80.0
2023-04,Community Services North,Falls per 1000 Bed Days,5.3,5.0
2023-04,Community Services North,Medication Errors per 1000 Admissions,2.38,2.5
2023-04,Community Services North,Pressure Injuries per 1000 Bed Days,0.71,1.5
2023-04,Community Services North,Patient Experience Score (%),78.93,85.0
2023-04,Community Services North,HAI Rate per 1000 Bed Days,3.9,1.5
2023-04,Community Services North,Complaint Resolution within 20 Days (%),63.69,80.0
2023-04,Community Services North,Adverse Event Closure within 30 Days (%),59.57,75.0
2023-04,Community Services West,Hand Hygiene Compliance (%),81.94,80.0
2023-04,Community Services West,Falls per 1000 Bed Days,6.18,5.0
2023-04,Community Services West,Medication Errors per 1000 Admissions,0.76,2.5
2023-04,Community Services West,Pressure Injuries per 1000 Bed Days,0.0,1.5
2023-04,Community Services West,Patient Experience Score (%),78.14,85.0
2023-04,Community Services West,HAI Rate per 1000 Bed Days,0.07,1.5
2023-04,Community Services West,Complaint Resolution within 20 Days (%),62.55,80.0
2023-04,Community Services West,Adverse Event Closure within 30 Days (%),58.71,75.0
2023-05,North Shore Hospital,Hand Hygiene Compliance (%),81.8,80.0
2023-05,North Shore Hospital,Falls per 1000 Bed Days,4.92,5.0
2023-05,North Shore Hospital,Medication Errors per 1000 Admissions,2.91,2.5
2023-05,North Shore Hospital,Pressure Injuries per 1000 Bed Days,1.3,1.5
2023-05,North Shore Hospital,Patient Experience Score (%),79.9,85.0
2023-05,North Shore Hospital,HAI Rate per 1000 Bed Days,2.44,1.5
2023-05,North Shore Hospital,Complaint Resolution within 20 Days (%),60.45,80.0
2023-05,North Shore Hospital,Adverse Event Closure within 30 Days (%),63.23,75.0
2023-05,Waitakere Hospital,Hand Hygiene Compliance (%),85.27,80.0
2023-05,Waitakere Hospital,Falls per 1000 Bed Days,5.33,5.0
2023-05,Waitakere Hospital,Medication Errors per 1000 Admissions,2.4,2.5
2023-05,Waitakere Hospital,Pressure Injuries per 1000 Bed Days,1.01,1.5
2023-05,Waitakere Hospital,Patient Experience Score (%),81.08,85.0
2023-05,Waitakere Hospital,HAI Rate per 1000 Bed Days,1.43,1.5
2023-05,Waitakere Hospital,Complaint Resolution within 20 Days (%),70.29,80.0
2023-05,Waitakere Hospital,Adverse Event Closure within 30 Days (%),66.15,75.0
2023-05,Community Services North,Hand Hygiene Compliance (%),80.98,80.0
2023-05,Community Services North,Falls per 1000 Bed Days,7.24,5.0
2023-05,Community Services North,Medication Errors per 1000 Admissions,1.31,2.5
2023-05,Community Services North,Pressure Injuries per 1000 Bed Days,0.93,1.5
2023-05,Community Services North,Patient Experience Score (%),78.16,85.0
2023-05,Community Services North,HAI Rate per 1000 Bed Days,2.67,1.5
2023-05,Community Services North,Complaint Resolution within 20 Days (%),71.64,80.0
2023-05,Community Services North,Adverse Event Closure within 30 Days (%),58.87,75.0
2023-05,Community Services West,Hand Hygiene Compliance (%),77.95,80.0
2023-05,Community Services West,Falls per 1000 Bed Days,6.67,5.0
2023-05,Community Services West,Medication Errors per 1000 Admissions,5.18,2.5
2023-05,Community Services West,Pressure Injuries per 1000 Bed Days,3.13,1.5
2023-05,Community Services West,Patient Experience Score (%),67.46,85.0
2023-05,Community Services West,HAI Rate per 1000 Bed Days,3.99,1.5
2023-05,Community Services West,Complaint Resolution within 20 Days (%),68.42,80.0
2023-05,Community Services West,Adverse Event Closure within 30 Days (%),58.13,75.0
2023-06,North Shore Hospital,Hand Hygiene Compliance (%),82.38,80.0
2023-06,North Shore Hospital,Falls per 1000 Bed Days,6.34,5.0
2023-06,North Shore Hospital,Medication Errors per 1000 Admissions,3.1,2.5
2023-06,North Shore Hospital,Pressure Injuries per 1000 Bed Days,1.57,1.5
2023-06,North Shore Hospital,Patient Experience Score (%),87.04,85.0
2023-06,North Shore Hospital,HAI Rate per 1000 Bed Days,2.78,1.5
2023-06,North Shore Hospital,Complaint Resolution within 20 Days (%),69.22,80.0
2023-06,North Shore Hospital,Adverse Event Closure within 30 Days (%),57.02,75.0
2023-06,Waitakere Hospital,Hand Hygiene Compliance (%),80.27,80.0
2023-06,Waitakere Hospital,Falls per 1000 Bed Days,5.53,5.0
2023-06,Waitakere Hospital,Medication Errors per 1000 Admissions,2.65,2.5
2023-06,Waitakere Hospital,Pressure Injuries per 1000 Bed Days,0.92,1.5
2023-06,Waitakere Hospital,Patient Experience Score (%),73.32,85.0
2023-06,Waitakere Hospital,HAI Rate per 1000 Bed Days,1.63,1.5
2023-06,Waitakere Hospital,Complaint Resolution within 20 Days (%),67.55,80.0
2023-06,Waitakere Hospital,Adverse Event Closure within 30 Days (%),56.56,75.0
2023-06,Community Services North,Hand Hygiene Compliance (%),81.57,80.0
2023-06,Community Services North,Falls per 1000 Bed Days,6.4,5.0
2023-06,Community Services North,Medication Errors per 1000 Admissions,4.58,2.5
2023-06,Community Services North,Pressure Injuries per 1000 Bed Days,2.23,1.5
2023-06,Community Services North,Patient Experience Score (%),84.82,85.0
2023-06,Community Services North,HAI Rate per 1000 Bed Days,0.96,1.5
2023-06,Community Services North,Complaint Resolution within 20 Days (%),68.48,80.0
2023-06,Community Services North,Adverse Event Closure within 30 Days (%),66.27,75.0
2023-06,Community Services West,Hand Hygiene Compliance (%),77.26,80.0
2023-06,Community Services West,Falls per 1000 Bed Days,3.78,5.0
2023-06,Community Services West,Medication Errors per 1000 Admissions,4.16,2.5
2023-06,Community Services West,Pressure Injuries per 1000 Bed Days,0.0,1.5
2023-06,Community Services West,Patient Experience Score (%),73.22,85.0
2023-06,Community Services West,HAI Rate per 1000 Bed Days,0.01,1.5
2023-06,Community Services West,Complaint Resolution within 20 Days (%),64.24,80.0
2023-06,Community Services West,Adverse Event Closure within 30 Days (%),65.32,75.0
2023-07,North Shore Hospital,Hand Hygiene Compliance (%),81.24,80.0
2023-07,North Shore Hospital,Falls per 1000 Bed Days,5.62,5.0
2023-07,North Shore Hospital,Medication Errors per 1000 Admissions,3.49,2.5
2023-07,North Shore Hospital,Pressure Injuries per 1000 Bed Days,2.25,1.5
2023-07,North Shore Hospital,Patient Experience Score (%),78.92,85.0
2023-07,North Shore Hospital,HAI Rate per 1000 Bed Days,1.82,1.5
2023-07,North Shore Hospital,Complaint Resolution within 20 Days (%),63.09,80.0
2023-07,North Shore Hospital,Adverse Event Closure within 30 Days (%),46.56,75.0
2023-07,Waitakere Hospital,Hand Hygiene Compliance (%),79.73,80.0
2023-07,Waitakere Hospital,Falls per 1000 Bed Days,6.17,5.0
2023-07,Waitakere Hospital,Medication Errors per 1000 Admissions,3.03,2.5
2023-07,Waitakere Hospital,Pressure Injuries per 1000 Bed Days,2.09,1.5
2023-07,Waitakere Hospital,Patient Experience Score (%),80.27,85.0
2023-07,Waitakere Hospital,HAI Rate per 1000 Bed Days,2.16,1.5
2023-07,Waitakere Hospital,Complaint Resolution within 20 Days (%),65.2,80.0
2023-07,Waitakere Hospital,Adverse Event Closure within 30 Days (%),60.88,75.0
2023-07,Community Services North,Hand Hygiene Compliance (%),78.51,80.0
2023-07,Community Services North,Falls per 1000 Bed Days,3.78,5.0
2023-07,Community Services North,Medication Errors per 1000 Admissions,3.96,2.5
2023-07,Community Services North,Pressure Injuries per 1000 Bed Days,3.05,1.5
2023-07,Community Services North,Patient Experience Score (%),79.86,85.0
2023-07,Community Services North,HAI Rate per 1000 Bed Days,0.76,1.5
2023-07,Community Services North,Complaint Resolution within 20 Days (%),60.34,80.0
2023-07,Community Services North,Adverse Event Closure within 30 Days (%),61.48,75.0
2023-07,Community Services West,Hand Hygiene Compliance (%),83.3,80.0
2023-07,Community Services West,Falls per 1000 Bed Days,4.01,5.0
2023-07,Community Services West,Medication Errors per 1000 Admissions,0.85,2.5
2023-07,Community Services West,Pressure Injuries per 1000 Bed Days,0.0,1.5
2023-07,Community Services West,Patient Experience Score (%),80.59,85.0
2023-07,Community Services West,HAI Rate per 1000 Bed Days,1.75,1.5
2023-07,Community Services West,Complaint Resolution within 20 Days (%),69.9,80.0
2023-07,Community Services West,Adverse Event Closure within 30 Days (%),63.72,75.0
2023-08,North Shore Hospital,Hand Hygiene Compliance (%),84.97,80.0
2023-08,North Shore Hospital,Falls per 1000 Bed Days,3.33,5.0
2023-08,North Shore Hospital,Medication Errors per 1000 Admissions,3.12,2.5
2023-08,North Shore Hospital,Pressure Injuries per 1000 Bed Days,1.51,1.5
2023-08,North Shore Hospital,Patient Experience Score (%),81.93,85.0
2023-08,North Shore Hospital,HAI Rate per 1000 Bed Days,2.5,1.5
2023-08,North Shore Hospital,Complaint Resolution within 20 Days (%),67.54,80.0
2023-08,North Shore Hospital,Adverse Event Closure within 30 Days (%),58.94,75.0
2023-08,Waitakere Hospital,Hand Hygiene Compliance (%),87.89,80.0
2023-08,Waitakere Hospital,Falls per 1000 Bed Days,4.2,5.0
2023-08,Waitakere Hospital,Medication Errors per 1000 Admissions,2.1,2.5
2023-08,Waitakere Hospital,Pressure Injuries per 1000 Bed Days,0.99,1.5
2023-08,Waitakere Hospital,Patient Experience Score (%),77.31,85.0
2023-08,Waitakere Hospital,HAI Rate per 1000 Bed Days,3.56,1.5
2023-08,Waitakere Hospital,Complaint Resolution within 20 Days (%),58.9,80.0
2023-08,Waitakere Hospital,Adverse Event Closure within 30 Days (%),57.25,75.0
2023-08,Community Services North,Hand Hygiene Compliance (%),85.17,80.0
2023-08,Community Services North,Falls per 1000 Bed Days,6.97,5.0
2023-08,Community Services North,Medication Errors per 1000 Admissions,1.86,2.5
2023-08,Community Services North,Pressure Injuries per 1000 Bed Days,0.03,1.5
2023-08,Community Services North,Patient Experience Score (%),78.27,85.0
2023-08,Community Services North,HAI Rate per 1000 Bed Days,1.64,1.5
2023-08,Community Services North,Complaint Resolution within 20 Days (%),72.06,80.0
2023-08,Community Services North,Adverse Event Closure within 30 Days (%),55.12,75.0
2023-08,Community Services West,Hand Hygiene Compliance (%),85.59,80.0
2023-08,Community Services West,Falls per 1000 Bed Days,2.98,5.0
2023-08,Community Services West,Medication Errors per 1000 Admissions,2.3,2.5
2023-08,Community Services West,Pressure Injuries per 1000 Bed Days,3.57,1.5
2023-08,Community Services West,Patient Experience Score (%),84.35,85.0
2023-08,Community Services West,HAI Rate per 1000 Bed Days,2.96,1.5
2023-08,Community Services West,Complaint Resolution within 20 Days (%),72.21,80.0
2023-08,Community Services West,Adverse Event Closure within 30 Days (%),59.47,75.0
2023-09,North Shore Hospital,Hand Hygiene Compliance (%),81.67,80.0
2023-09,North Shore Hospital,Falls per 1000 Bed Days,4.18,5.0
2023-09,North Shore Hospital,Medication Errors per 1000 Admissions,2.73,2.5
2023-09,North Shore Hospital,Pressure Injuries per 1000 Bed Days,2.19,1.5
2023-09,North Shore Hospital,Patient Experience Score (%),82.19,85.0
2023-09,North Shore Hospital,HAI Rate per 1000 Bed Days,2.17,1.5
2023-09,North Shore Hospital,Complaint Resolution within 20 Days (%),61.67,80.0
2023-09,North Shore Hospital,Adverse Event Closure within 30 Days (%),61.47,75.0
2023-09,Waitakere Hospital,Hand Hygiene Compliance (%),83.6,80.0
2023-09,Waitakere Hospital,Falls per 1000 Bed Days,4.59,5.0
2023-09,Waitakere Hospital,Medication Errors per 1000 Admissions,1.96,2.5
2023-09,Waitakere Hospital,Pressure Injuries per 1000 Bed Days,1.6,1.5
2023-09,Waitakere Hospital,Patient Experience Score (%),76.23,85.0
2023-09,Waitakere Hospital,HAI Rate per 1000 Bed Days,2.81,1.5
2023-09,Waitakere Hospital,Complaint Resolution within 20 Days (%),72.34,80.0
2023-09,Waitakere Hospital,Adverse Event Closure within 30 Days (%),63.76,75.0
2023-09,Community Services North,Hand Hygiene Compliance (%),85.26,80.0
2023-09,Community Services North,Falls per 1000 Bed Days,5.15,5.0
2023-09,Community Services North,Medication Errors per 1000 Admissions,2.57,2.5
2023-09,Community Services North,Pressure Injuries per 1000 Bed Days,2.8,1.5
2023-09,Community Services North,Patient Experience Score (%),69.29,85.0
2023-09,Community Services North,HAI Rate per 1000 Bed Days,2.53,1.5
2023-09,Community Services North,Complaint Resolution within 20 Days (%),69.42,80.0
2023-09,Community Services North,Adverse Event Closure within 30 Days (%),63.0,75.0
2023-09,Community Services West,Hand Hygiene Compliance (%),84.65,80.0
2023-09,Community Services West,Falls per 1000 Bed Days,2.66,5.0
2023-09,Community Services West,Medication Errors per 1000 Admissions,4.21,2.5
2023-09,Community Services West,Pressure Injuries per 1000 Bed Days,3.06,1.5
2023-09,Community Services West,Patient Experience Score (%),81.33,85.0
2023-09,Community Services West,HAI Rate per 1000 Bed Days,3.29,1.5
2023-09,Community Services West,Complaint Resolution within 20 Days (%),72.42,80.0
2023-09,Community Services West,Adverse Event Closure within 30 Days (%),67.95,75.0
2023-10,North Shore Hospital,Hand Hygiene Compliance (%),83.3,80.0
2023-10,North Shore Hospital,Falls per 1000 Bed Days,5.54,5.0
2023-10,North Shore Hospital,Medication Errors per 1000 Admissions,2.47,2.5
2023-10,North Shore Hospital,Pressure Injuries per 1000 Bed Days,1.69,1.5
2023-10,North Shore Hospital,Patient Experience Score (%),82.4,85.0
2023-10,North Shore Hospital,HAI Rate per 1000 Bed Days,1.98,1.5
2023-10,North Shore Hospital,Complaint Resolution within 20 Days (%),65.97,80.0
2023-10,North Shore Hospital,Adverse Event Closure within 30 Days (%),63.63,75.0
2023-10,Waitakere Hospital,Hand Hygiene Compliance (%),88.36,80.0
2023-10,Waitakere Hospital,Falls per 1000 Bed Days,4.22,5.0
2023-10,Waitakere Hospital,Medication Errors per 1000 Admissions,2.26,2.5
2023-10,Waitakere Hospital,Pressure Injuries per 1000 Bed Days,2.15,1.5
2023-10,Waitakere Hospital,Patient Experience Score (%),74.14,85.0
2023-10,Waitakere Hospital,HAI Rate per 1000 Bed Days,2.08,1.5
2023-10,Waitakere Hospital,Complaint Resolution within 20 Days (%),72.46,80.0
2023-10,Waitakere Hospital,Adverse Event Closure within 30 Days (%),55.0,75.0
2023-10,Community Services North,Hand Hygiene Compliance (%),88.78,80.0
2023-10,Community Services North,Falls per 1000 Bed Days,2.56,5.0
2023-10,Community Services North,Medication Errors per 1000 Admissions,4.35,2.5
2023-10,Community Services North,Pressure Injuries per 1000 Bed Days,2.51,1.5
2023-10,Community Services North,Patient Experience Score (%),70.42,85.0
2023-10,Community Services North,HAI Rate per 1000 Bed Days,1.45,1.5
2023-10,Community Services North,Complaint Resolution within 20 Days (%),62.73,80.0
2023-10,Community Services North,Adverse Event Closure within 30 Days (%),65.47,75.0
2023-10,Community Services West,Hand Hygiene Compliance (%),88.05,80.0
2023-10,Community Services West,Falls per 1000 Bed Days,8.17,5.0
2023-10,Community Services West,Medication Errors per 1000 Admissions,4.29,2.5
2023-10,Community Services West,Pressure Injuries per 1000 Bed Days,0.26,1.5
2023-10,Community Services West,Patient Experience Score (%),72.08,85.0
2023-10,Community Services West,HAI Rate per 1000 Bed Days,0.0,1.5
2023-10,Community Services West,Complaint Resolution within 20 Days (%),71.51,80.0
2023-10,Community Services West,Adverse Event Closure within 30 Days (%),63.57,75.0
2023-11,North Shore Hospital,Hand Hygiene Compliance (%),82.71,80.0
2023-11,North Shore Hospital,Falls per 1000 Bed Days,4.41,5.0
2023-11,North Shore Hospital,Medication Errors per 1000 Admissions,3.14,2.5
2023-11,North Shore Hospital,Pressure Injuries per 1000 Bed Days,1.81,1.5
2023-11,North Shore Hospital,Patient Experience Score (%),77.97,85.0
2023-11,North Shore Hospital,HAI Rate per 1000 Bed Days,1.9,1.5
2023-11,North Shore Hospital,Complaint Resolution within 20 Days (%),63.26,80.0
2023-11,North Shore Hospital,Adverse Event Closure within 30 Days (%),62.8,75.0
2023-11,Waitakere Hospital,Hand Hygiene Compliance (%),81.98,80.0
2023-11,Waitakere Hospital,Falls per 1000 Bed Days,6.56,5.0
2023-11,Waitakere Hospital,Medication Errors per 1000 Admissions,3.1,2.5
2023-11,Waitakere Hospital,Pressure Injuries per 1000 Bed Days,3.37,1.5
2023-11,Waitakere Hospital,Patient Experience Score (%),73.35,85.0
2023-11,Waitakere Hospital,HAI Rate per 1000 Bed Days,1.4,1.5
2023-11,Waitakere Hospital,Complaint Resolution within 20 Days (%),62.29,80.0
2023-11,Waitakere Hospital,Adverse Event Closure within 30 Days (%),61.02,75.0
2023-11,Community Services North,Hand Hygiene Compliance (%),80.32,80.0
2023-11,Community Services North,Falls per 1000 Bed Days,3.64,5.0
2023-11,Community Services North,Medication Errors per 1000 Admissions,2.23,2.5
2023-11,Community Services North,Pressure Injuries per 1000 Bed Days,2.52,1.5
2023-11,Community Services North,Patient Experience Score (%),75.67,85.0
2023-11,Community Services North,HAI Rate per 1000 Bed Days,2.89,1.5
2023-11,Community Services North,Complaint Resolution within 20 Days (%),70.53,80.0
2023-11,Community Services North,Adverse Event Closure within 30 Days (%),61.09,75.0
2023-11,Community Services West,Hand Hygiene Compliance (%),82.48,80.0
2023-11,Community Services West,Falls per 1000 Bed Days,4.2,5.0
2023-11,Community Services West,Medication Errors per 1000 Admissions,2.26,2.5
2023-11,Community Services West,Pressure Injuries per 1000 Bed Days,0.27,1.5
2023-11,Community Services West,Patient Experience Score (%),82.13,85.0
2023-11,Community Services West,HAI Rate per 1000 Bed Days,0.0,1.5
2023-11,Community Services West,Complaint Resolution within 20 Days (%),74.83,80.0
2023-11,Community Services West,Adverse Event Closure within 30 Days (%),59.32,75.0
2023-12,North Shore Hospital,Hand Hygiene Compliance (%),87.9,80.0
2023-12,North Shore Hospital,Falls per 1000 Bed Days,4.86,5.0
2023-12,North Shore Hospital,Medication Errors per 1000 Admissions,3.75,2.5
2023-12,North Shore Hospital,Pressure Injuries per 1000 Bed Days,1.98,1.5
2023-12,North Shore Hospital,Patient Experience Score (%),89.1,85.0
2023-12,North Shore Hospital,HAI Rate per 1000 Bed Days,2.51,1.5
2023-12,North Shore Hospital,Complaint Resolution within 20 Days (%),67.63,80.0
2023-12,North Shore Hospital,Adverse Event Closure within 30 Days (%),51.53,75.0
2023-12,Waitakere Hospital,Hand Hygiene Compliance (%),80.57,80.0
2023-12,Waitakere Hospital,Falls per 1000 Bed Days,6.63,5.0
2023-12,Waitakere Hospital,Medication Errors per 1000 Admissions,4.62,2.5
2023-12,Waitakere Hospital,Pressure Injuries per 1000 Bed Days,1.71,1.5
2023-12,Waitakere Hospital,Patient Experience Score (%),72.65,85.0
2023-12,Waitakere Hospital,HAI Rate per 1000 Bed Days,1.93,1.5
2023-12,Waitakere Hospital,Complaint Resolution within 20 Days (%),69.24,80.0
2023-12,Waitakere Hospital,Adverse Event Closure within 30 Days (%),62.07,75.0
2023-12,Community Services North,Hand Hygiene Compliance (%),81.38,80.0
2023-12,Community Services North,Falls per 1000 Bed Days,3.02,5.0
2023-12,Community Services North,Medication Errors per 1000 Admissions,3.64,2.5
2023-12,Community Services North,Pressure Injuries per 1000 Bed Days,2.42,1.5
2023-12,Community Services North,Patient Experience Score (%),78.07,85.0
2023-12,Community Services North,HAI Rate per 1000 Bed Days,1.15,1.5
2023-12,Community Services North,Complaint Resolution within 20 Days (%),64.36,80.0
2023-12,Community Services North,Adverse Event Closure within 30 Days (%),68.02,75.0
2023-12,Community Services West,Hand Hygiene Compliance (%),78.26,80.0
2023-12,Community Services West,Falls per 1000 Bed Days,6.0,5.0
2023-12,Community Services West,Medication Errors per 1000 Admissions,1.19,2.5
2023-12,Community Services West,Pressure Injuries per 1000 Bed Days,3.4,1.5
2023-12,Community Services West,Patient Experience Score (%),79.84,85.0
2023-12,Community Services West,HAI Rate per 1000 Bed Days,2.67,1.5
2023-12,Community Services West,Complaint Resolution within 20 Days (%),65.84,80.0
2023-12,Community Services West,Adverse Event Closure within 30 Days (%),68.96,75.0
2024-01,North Shore Hospital,Hand Hygiene Compliance (%),85.33,80.0
2024-01,North Shore Hospital,Falls per 1000 Bed Days,4.37,5.0
2024-01,North Shore Hospital,Medication Errors per 1000 Admissions,1.79,2.5
2024-01,North Shore Hospital,Pressure Injuries per 1000 Bed Days,2.1,1.5
2024-01,North Shore Hospital,Patient Experience Score (%),80.22,85.0
2024-01,North Shore Hospital,HAI Rate per 1000 Bed Days,2.18,1.5
2024-01,North Shore Hospital,Complaint Resolution within 20 Days (%),63.43,80.0
2024-01,North Shore Hospital,Adverse Event Closure within 30 Days (%),57.42,75.0
2024-01,Waitakere Hospital,Hand Hygiene Compliance (%),83.69,80.0
2024-01,Waitakere Hospital,Falls per 1000 Bed Days,5.66,5.0
2024-01,Waitakere Hospital,Medication Errors per 1000 Admissions,3.51,2.5
2024-01,Waitakere Hospital,Pressure Injuries per 1000 Bed Days,1.09,1.5
2024-01,Waitakere Hospital,Patient Experience Score (%),80.68,85.0
2024-01,Waitakere Hospital,HAI Rate per 1000 Bed Days,2.24,1.5
2024-01,Waitakere Hospital,Complaint Resolution within 20 Days (%),77.92,80.0
2024-01,Waitakere Hospital,Adverse Event Closure within 30 Days (%),61.31,75.0
2024-01,Community Services North,Hand Hygiene Compliance (%),85.28,80.0
2024-01,Community Services North,Falls per 1000 Bed Days,5.01,5.0
2024-01,Community Services North,Medication Errors per 1000 Admissions,2.91,2.5
2024-01,Community Services North,Pressure Injuries per 1000 Bed Days,0.88,1.5
2024-01,Community Services North,Patient Experience Score (%),85.93,85.0
2024-01,Community Services North,HAI Rate per 1000 Bed Days,0.86,1.5
2024-01,Community Services North,Complaint Resolution within 20 Days (%),68.76,80.0
2024-01,Community Services North,Adverse Event Closure within 30 Days (%),60.35,75.0
2024-01,Community Services West,Hand Hygiene Compliance (%),76.56,80.0
2024-01,Community Services West,Falls per 1000 Bed Days,3.78,5.0
2024-01,Community Services West,Medication Errors per 1000 Admissions,3.42,2.5
2024-01,Community Services West,Pressure Injuries per 1000 Bed Days,0.31,1.5
2024-01,Community Services West,Patient Experience Score (%),74.49,85.0
2024-01,Community Services West,HAI Rate per 1000 Bed Days,3.83,1.5
2024-01,Community Services West,Complaint Resolution within 20 Days (%),63.25,80.0
2024-01,Community Services West,Adverse Event Closure within 30 Days (%),62.15,75.0
2024-02,North Shore Hospital,Hand Hygiene Compliance (%),83.54,80.0
2024-02,North Shore Hospital,Falls per 1000 Bed Days,4.29,5.0
2024-02,North Shore Hospital,Medication Errors per 1000 Admissions,2.91,2.5
2024-02,North Shore Hospital,Pressure Injuries per 1000 Bed Days,1.53,1.5
2024-02,North Shore Hospital,Patient Experience Score (%),76.21,85.0
2024-02,North Shore Hospital,HAI Rate per 1000 Bed Days,2.1,1.5
2024-02,North Shore Hospital,Complaint Resolution within 20 Days (%),67.59,80.0
2024-02,North Shore Hospital,Adverse Event Closure within 30 Days (%),59.49,75.0
2024-02,Waitakere Hospital,Hand Hygiene Compliance (%),87.05,80.0
2024-02,Waitakere Hospital,Falls per 1000 Bed Days,5.2,5.0
2024-02,Waitakere Hospital,Medication Errors per 1000 Admissions,3.55,2.5
2024-02,Waitakere Hospital,Pressure Injuries per 1000 Bed Days,2.19,1.5
2024-02,Waitakere Hospital,Patient Experience Score (%),80.4,85.0
2024-02,Waitakere Hospital,HAI Rate per 1000 Bed Days,1.94,1.5
2024-02,Waitakere Hospital,Complaint Resolution within 20 Days (%),68.46,80.0
2024-02,Waitakere Hospital,Adverse Event Closure within 30 Days (%),63.96,75.0
2024-02,Community Services North,Hand Hygiene Compliance (%),82.81,80.0
2024-02,Community Services North,Falls per 1000 Bed Days,3.09,5.0
2024-02,Community Services North,Medication Errors per 1000 Admissions,3.56,2.5
2024-02,Community Services North,Pressure Injuries per 1000 Bed Days,2.58,1.5
2024-02,Community Services North,Patient Experience Score (%),75.96,85.0
2024-02,Community Services North,HAI Rate per 1000 Bed Days,0.72,1.5
2024-02,Community Services North,Complaint Resolution within 20 Days (%),62.17,80.0
2024-02,Community Services North,Adverse Event Closure within 30 Days (%),64.3,75.0
2024-02,Community Services West,Hand Hygiene Compliance (%),79.72,80.0
2024-02,Community Services West,Falls per 1000 Bed Days,7.74,5.0
2024-02,Community Services West,Medication Errors per 1000 Admissions,4.73,2.5
2024-02,Community Services West,Pressure Injuries per 1000 Bed Days,0.13,1.5
2024-02,Community Services West,Patient Experience Score (%),76.3,85.0
2024-02,Community Services West,HAI Rate per 1000 Bed Days,0.87,1.5
2024-02,Community Services West,Complaint Resolution within 20 Days (%),58.26,80.0
2024-02,Community Services West,Adverse Event Closure within 30 Days (%),65.35,75.0
2024-03,North Shore Hospital,Hand Hygiene Compliance (%),85.03,80.0
2024-03,North Shore Hospital,Falls per 1000 Bed Days,4.69,5.0
2024-03,North Shore Hospital,Medication Errors per 1000 Admissions,2.63,2.5
2024-03,North Shore Hospital,Pressure Injuries per 1000 Bed Days,1.1,1.5
2024-03,North Shore Hospital,Patient Experience Score (%),82.48,85.0
2024-03,North Shore Hospital,HAI Rate per 1000 Bed Days,1.83,1.5
2024-03,North Shore Hospital,Complaint Resolution within 20 Days (%),65.34,80.0
2024-03,North Shore Hospital,Adverse Event Closure within 30 Days (%),68.8,75.0
2024-03,Waitakere Hospital,Hand Hygiene Compliance (%),91.3,80.0
2024-03,Waitakere Hospital,Falls per 1000 Bed Days,5.25,5.0
2024-03,Waitakere Hospital,Medication Errors per 1000 Admissions,3.03,2.5
2024-03,Waitakere Hospital,Pressure Injuries per 1000 Bed Days,1.0,1.5
2024-03,Waitakere Hospital,Patient Experience Score (%),84.43,85.0
2024-03,Waitakere Hospital,HAI Rate per 1000 Bed Days,1.96,1.5
2024-03,Waitakere Hospital,Complaint Resolution within 20 Days (%),72.48,80.0
2024-03,Waitakere Hospital,Adverse Event Closure within 30 Days (%),65.66,75.0
2024-03,Community Services North,Hand Hygiene Compliance (%),86.49,80.0
2024-03,Community Services North,Falls per 1000 Bed Days,5.98,5.0
2024-03,Community Services North,Medication Errors per 1000 Admissions,4.17,2.5
2024-03,Community Services North,Pressure Injuries per 1000 Bed Days,1.02,1.5
2024-03,Community Services North,Patient Experience Score (%),83.86,85.0
2024-03,Community Services North,HAI Rate per 1000 Bed Days,3.19,1.5
2024-03,Community Services North,Complaint Resolution within 20 Days (%),69.29,80.0
2024-03,Community Services North,Adverse Event Closure within 30 Days (%),65.98,75.0
2024-03,Community Services West,Hand Hygiene Compliance (%),79.93,80.0
2024-03,Community Services West,Falls per 1000 Bed Days,6.53,5.0
2024-03,Community Services West,Medication Errors per 1000 Admissions,5.0,2.5
2024-03,Community Services West,Pressure Injuries per 1000 Bed Days,0.0,1.5
2024-03,Community Services West,Patient Experience Score (%),81.77,85.0
2024-03,Community Services West,HAI Rate per 1000 Bed Days,1.0,1.5
2024-03,Community Services West,Complaint Resolution within 20 Days (%),66.93,80.0
2024-03,Community Services West,Adverse Event Closure within 30 Days (%),55.25,75.0
2024-04,North Shore Hospital,Hand Hygiene Compliance (%),87.33,80.0
2024-04,North Shore Hospital,Falls per 1000 Bed Days,4.77,5.0
2024-04,North Shore Hospital,Medication Errors per 1000 Admissions,2.66,2.5
2024-04,North Shore Hospital,Pressure Injuries per 1000 Bed Days,1.76,1.5
2024-04,North Shore Hospital,Patient Experience Score (%),76.95,85.0
2024-04,North Shore Hospital,HAI Rate per 1000 Bed Days,2.16,1.5
2024-04,North Shore Hospital,Complaint Resolution within 20 Days (%),71.6,80.0
2024-04,North Shore Hospital,Adverse Event Closure within 30 Days (%),68.64,75.0
2024-04,Waitakere Hospital,Hand Hygiene Compliance (%),82.88,80.0
2024-04,Waitakere Hospital,Falls per 1000 Bed Days,5.66,5.0
2024-04,Waitakere Hospital,Medication Errors per 1000 Admissions,3.39,2.5
2024-04,Waitakere Hospital,Pressure Injuries per 1000 Bed Days,1.19,1.5
2024-04,Waitakere Hospital,Patient Experience Score (%),76.1,85.0
2024-04,Waitakere Hospital,HAI Rate per 1000 Bed Days,1.82,1.5
2024-04,Waitakere Hospital,Complaint Resolution within 20 Days (%),73.01,80.0
2024-04,Waitakere Hospital,Adverse Event Closure within 30 Days (%),61.02,75.0
2024-04,Community Services North,Hand Hygiene Compliance (%),84.88,80.0
2024-04,Community Services North,Falls per 1000 Bed Days,4.93,5.0
2024-04,Community Services North,Medication Errors per 1000 Admissions,2.37,2.5
2024-04,Community Services North,Pressure Injuries per 1000 Bed Days,2.6,1.5
2024-04,Community Services North,Patient Experience Score (%),79.59,85.0
2024-04,Community Services North,HAI Rate per 1000 Bed Days,1.81,1.5
2024-04,Community Services North,Complaint Resolution within 20 Days (%),74.56,80.0
2024-04,Community Services North,Adverse Event Closure within 30 Days (%),60.27,75.0
2024-04,Community Services West,Hand Hygiene Compliance (%),89.44,80.0
2024-04,Community Services West,Falls per 1000 Bed Days,8.54,5.0
2024-04,Community Services West,Medication Errors per 1000 Admissions,1.42,2.5
2024-04,Community Services West,Pressure Injuries per 1000 Bed Days,0.16,1.5
2024-04,Community Services West,Patient Experience Score (%),83.66,85.0
2024-04,Community Services West,HAI Rate per 1000 Bed Days,4.04,1.5
2024-04,Community Services West,Complaint Resolution within 20 Days (%),62.63,80.0
2024-04,Community Services West,Adverse Event Closure within 30 Days (%),64.2,75.0
2024-05,North Shore Hospital,Hand Hygiene Compliance (%),89.35,80.0
2024-05,North Shore Hospital,Falls per 1000 Bed Days,4.98,5.0
2024-05,North Shore Hospital,Medication Errors per 1000 Admissions,2.37,2.5
2024-05,North Shore Hospital,Pressure Injuries per 1000 Bed Days,1.38,1.5
2024-05,North Shore Hospital,Patient Experience Score (%),76.43,85.0
2024-05,North Shore Hospital,HAI Rate per 1000 Bed Days,1.81,1.5
2024-05,North Shore Hospital,Complaint Resolution within 20 Days (%),68.19,80.0
2024-05,North Shore Hospital,Adverse Event Closure within 30 Days (%),69.47,75.0
2024-05,Waitakere Hospital,Hand Hygiene Compliance (%),89.09,80.0
2024-05,Waitakere Hospital,Falls per 1000 Bed Days,5.47,5.0
2024-05,Waitakere Hospital,Medication Errors per 1000 Admissions,3.43,2.5
2024-05,Waitakere Hospital,Pressure Injuries per 1000 Bed Days,1.24,1.5
2024-05,Waitakere Hospital,Patient Experience Score (%),74.76,85.0
2024-05,Waitakere Hospital,HAI Rate per 1000 Bed Days,1.41,1.5
2024-05,Waitakere Hospital,Complaint Resolution within 20 Days (%),82.17,80.0
2024-05,Waitakere Hospital,Adverse Event Closure within 30 Days (%),67.61,75.0
2024-05,Community Services North,Hand Hygiene Compliance (%),86.72,80.0
2024-05,Community Services North,Falls per 1000 Bed Days,5.42,5.0
2024-05,Community Services North,Medication Errors per 1000 Admissions,1.9,2.5
2024-05,Community Services North,Pressure Injuries per 1000 Bed Days,2.68,1.5
2024-05,Community Services North,Patient Experience Score (%),78.39,85.0
2024-05,Community Services North,HAI Rate per 1000 Bed Days,2.65,1.5
2024-05,Community Services North,Complaint Resolution within 20 Days (%),71.68,80.0
2024-05,Community Services North,Adverse Event Closure within 30 Days (%),64.39,75.0
2024-05,Community Services West,Hand Hygiene Compliance (%),88.15,80.0
2024-05,Community Services West,Falls per 1000 Bed Days,2.77,5.0
2024-05,Community Services West,Medication Errors per 1000 Admissions,2.59,2.5
2024-05,Community Services West,Pressure Injuries per 1000 Bed Days,2.99,1.5
2024-05,Community Services West,Patient Experience Score (%),79.03,85.0
2024-05,Community Services West,HAI Rate per 1000 Bed Days,3.43,1.5
2024-05,Community Services West,Complaint Resolution within 20 Days (%),73.72,80.0
2024-05,Community Services West,Adverse Event Closure within 30 Days (%),59.78,75.0
2024-06,North Shore Hospital,Hand Hygiene Compliance (%),88.03,80.0
2024-06,North Shore Hospital,Falls per 1000 Bed Days,5.39,5.0
2024-06,North Shore Hospital,Medication Errors per 1000 Admissions,2.97,2.5
2024-06,North Shore Hospital,Pressure Injuries per 1000 Bed Days,1.93,1.5
2024-06,North Shore Hospital,Patient Experience Score (%),78.68,85.0
2024-06,North Shore Hospital,HAI Rate per 1000 Bed Days,2.05,1.5
2024-06,North Shore Hospital,Complaint Resolution within 20 Days (%),66.79,80.0
2024-06,North Shore Hospital,Adverse Event Closure within 30 Days (%),61.34,75.0
2024-06,Waitakere Hospital,Hand Hygiene Compliance (%),85.27,80.0
2024-06,Waitakere Hospital,Falls per 1000 Bed Days,5.62,5.0
2024-06,Waitakere Hospital,Medication Errors per 1000 Admissions,3.07,2.5
2024-06,Waitakere Hospital,Pressure Injuries per 1000 Bed Days,2.04,1.5
2024-06,Waitakere Hospital,Patient Experience Score (%),75.5,85.0
2024-06,Waitakere Hospital,HAI Rate per 1000 Bed Days,2.64,1.5
2024-06,Waitakere Hospital,Complaint Resolution within 20 Days (%),69.45,80.0
2024-06,Waitakere Hospital,Adverse Event Closure within 30 Days (%),66.23,75.0
2024-06,Community Services North,Hand Hygiene Compliance (%),83.21,80.0
2024-06,Community Services North,Falls per 1000 Bed Days,5.89,5.0
2024-06,Community Services North,Medication Errors per 1000 Admissions,3.49,2.5
2024-06,Community Services North,Pressure Injuries per 1000 Bed Days,1.27,1.5
2024-06,Community Services North,Patient Experience Score (%),77.95,85.0
2024-06,Community Services North,HAI Rate per 1000 Bed Days,3.03,1.5
2024-06,Community Services North,Complaint Resolution within 20 Days (%),77.86,80.0
2024-06,Community Services North,Adverse Event Closure within 30 Days (%),63.84,75.0
2024-06,Community Services West,Hand Hygiene Compliance (%),83.56,80.0
2024-06,Community Services West,Falls per 1000 Bed Days,3.32,5.0
2024-06,Community Services West,Medication Errors per 1000 Admissions,2.65,2.5
2024-06,Community Services West,Pressure Injuries per 1000 Bed Days,0.0,1.5
2024-06,Community Services West,Patient Experience Score (%),78.66,85.0
2024-06,Community Services West,HAI Rate per 1000 Bed Days,0.84,1.5
2024-06,Community Services West,Complaint Resolution within 20 Days (%),72.72,80.0
2024-06,Community Services West,Adverse Event Closure within 30 Days (%),55.57,75.0
2024-07,North Shore Hospital,Hand Hygiene Compliance (%),85.14,80.0
2024-07,North Shore Hospital,Falls per 1000 Bed Days,4.83,5.0
2024-07,North Shore Hospital,Medication Errors per 1000 Admissions,3.31,2.5
2024-07,North Shore Hospital,Pressure Injuries per 1000 Bed Days,2.11,1.5
2024-07,North Shore Hospital,Patient Experience Score (%),75.14,85.0
2024-07,North Shore Hospital,HAI Rate per 1000 Bed Days,1.77,1.5
2024-07,North Shore Hospital,Complaint Resolution within 20 Days (%),61.14,80.0
2024-07,North Shore Hospital,Adverse Event Closure within 30 Days (%),59.31,75.0
2024-07,Waitakere Hospital,Hand Hygiene Compliance (%),88.97,80.0
2024-07,Waitakere Hospital,Falls per 1000 Bed Days,6.0,5.0
2024-07,Waitakere Hospital,Medication Errors per 1000 Admissions,2.95,2.5
2024-07,Waitakere Hospital,Pressure Injuries per 1000 Bed Days,2.35,1.5
2024-07,Waitakere Hospital,Patient Experience Score (%),81.08,85.0
2024-07,Waitakere Hospital,HAI Rate per 1000 Bed Days,1.25,1.5
2024-07,Waitakere Hospital,Complaint Resolution within 20 Days (%),72.83,80.0
2024-07,Waitakere Hospital,Adverse Event Closure within 30 Days (%),63.4,75.0
2024-07,Community Services North,Hand Hygiene Compliance (%),85.64,80.0
2024-07,Community Services North,Falls per 1000 Bed Days,3.22,5.0
2024-07,Community Services North,Medication Errors per 1000 Admissions,2.31,2.5
2024-07,Community Services North,Pressure Injuries per 1000 Bed Days,3.04,1.5
2024-07,Community Services North,Patient Experience Score (%),82.0,85.0
2024-07,Community Services North,HAI Rate per 1000 Bed Days,1.04,1.5
2024-07,Community Services North,Complaint Resolution within 20 Days (%),68.29,80.0
2024-07,Community Services North,Adverse Event Closure within 30 Days (%),63.84,75.0
2024-07,Community Services West,Hand Hygiene Compliance (%),85.59,80.0
2024-07,Community Services West,Falls per 1000 Bed Days,4.12,5.0
2024-07,Community Services West,Medication Errors per 1000 Admissions,1.52,2.5
2024-07,Community Services West,Pressure Injuries per 1000 Bed Days,3.09,1.5
2024-07,Community Services West,Patient Experience Score (%),80.42,85.0
2024-07,Community Services West,HAI Rate per 1000 Bed Days,0.31,1.5
2024-07,Community Services West,Complaint Resolution within 20 Days (%),58.44,80.0
2024-07,Community Services West,Adverse Event Closure within 30 Days (%),63.84,75.0
2024-08,North Shore Hospital,Hand Hygiene Compliance (%),87.92,80.0
2024-08,North Shore Hospital,Falls per 1000 Bed Days,4.62,5.0
2024-08,North Shore Hospital,Medication Errors per 1000 Admissions,2.78,2.5
2024-08,North Shore Hospital,Pressure Injuries per 1000 Bed Days,1.83,1.5
2024-08,North Shore Hospital,Patient Experience Score (%),80.74,85.0
2024-08,North Shore Hospital,HAI Rate per 1000 Bed Days,1.23,1.5
2024-08,North Shore Hospital,Complaint Resolution within 20 Days (%),59.68,80.0
2024-08,North Shore Hospital,Adverse Event Closure within 30 Days (%),66.99,75.0
2024-08,Waitakere Hospital,Hand Hygiene Compliance (%),84.34,80.0
2024-08,Waitakere Hospital,Falls per 1000 Bed Days,4.85,5.0
2024-08,Waitakere Hospital,Medication Errors per 1000 Admissions,3.16,2.5
2024-08,Waitakere Hospital,Pressure Injuries per 1000 Bed Days,2.42,1.5
2024-08,Waitakere Hospital,Patient Experience Score (%),78.56,85.0
2024-08,Waitakere Hospital,HAI Rate per 1000 Bed Days,1.43,1.5
2024-08,Waitakere Hospital,Complaint Resolution within 20 Days (%),74.05,80.0
2024-08,Waitakere Hospital,Adverse Event Closure within 30 Days (%),54.72,75.0
2024-08,Community Services North,Hand Hygiene Compliance (%),84.21,80.0
2024-08,Community Services North,Falls per 1000 Bed Days,3.57,5.0
2024-08,Community Services North,Medication Errors per 1000 Admissions,3.53,2.5
2024-08,Community Services North,Pressure Injuries per 1000 Bed Days,3.04,1.5
2024-08,Community Services North,Patient Experience Score (%),76.7,85.0
2024-08,Community Services North,HAI Rate per 1000 Bed Days,0.3,1.5
2024-08,Community Services North,Complaint Resolution within 20 Days (%),62.54,80.0
2024-08,Community Services North,Adverse Event Closure within 30 Days (%),64.66,75.0
2024-08,Community Services West,Hand Hygiene Compliance (%),83.0,80.0
2024-08,Community Services West,Falls per 1000 Bed Days,4.64,5.0
2024-08,Community Services West,Medication Errors per 1000 Admissions,0.71,2.5
2024-08,Community Services West,Pressure Injuries per 1000 Bed Days,3.38,1.5
2024-08,Community Services West,Patient Experience Score (%),83.61,85.0
2024-08,Community Services West,HAI Rate per 1000 Bed Days,2.45,1.5
2024-08,Community Services West,Complaint Resolution within 20 Days (%),57.93,80.0
2024-08,Community Services West,Adverse Event Closure within 30 Days (%),52.66,75.0
2024-09,North Shore Hospital,Hand Hygiene Compliance (%),86.79,80.0
2024-09,North Shore Hospital,Falls per 1000 Bed Days,5.46,5.0
2024-09,North Shore Hospital,Medication Errors per 1000 Admissions,2.83,2.5
2024-09,North Shore Hospital,Pressure Injuries per 1000 Bed Days,1.89,1.5
2024-09,North Shore Hospital,Patient Experience Score (%),87.28,85.0
2024-09,North Shore Hospital,HAI Rate per 1000 Bed Days,1.54,1.5
2024-09,North Shore Hospital,Complaint Resolution within 20 Days (%),64.64,80.0
2024-09,North Shore Hospital,Adverse Event Closure within 30 Days (%),65.94,75.0
2024-09,Waitakere Hospital,Hand Hygiene Compliance (%),87.72,80.0
2024-09,Waitakere Hospital,Falls per 1000 Bed Days,6.08,5.0
2024-09,Waitakere Hospital,Medication Errors per 1000 Admissions,1.9,2.5
2024-09,Waitakere Hospital,Pressure Injuries per 1000 Bed Days,2.29,1.5
2024-09,Waitakere Hospital,Patient Experience Score (%),78.5,85.0
2024-09,Waitakere Hospital,HAI Rate per 1000 Bed Days,1.51,1.5
2024-09,Waitakere Hospital,Complaint Resolution within 20 Days (%),73.29,80.0
2024-09,Waitakere Hospital,Adverse Event Closure within 30 Days (%),70.96,75.0
2024-09,Community Services North,Hand Hygiene Compliance (%),90.5,80.0
2024-09,Community Services North,Falls per 1000 Bed Days,6.66,5.0
2024-09,Community Services North,Medication Errors per 1000 Admissions,3.95,2.5
2024-09,Community Services North,Pressure Injuries per 1000 Bed Days,2.55,1.5
2024-09,Community Services North,Patient Experience Score (%),72.79,85.0
2024-09,Community Services North,HAI Rate per 1000 Bed Days,3.43,1.5
2024-09,Community Services North,Complaint Resolution within 20 Days (%),68.01,80.0
2024-09,Community Services North,Adverse Event Closure within 30 Days (%),67.92,75.0
2024-09,Community Services West,Hand Hygiene Compliance (%),85.51,80.0
2024-09,Community Services West,Falls per 1000 Bed Days,6.16,5.0
2024-09,Community Services West,Medication Errors per 1000 Admissions,1.47,2.5
2024-09,Community Services West,Pressure Injuries per 1000 Bed Days,0.36,1.5
2024-09,Community Services West,Patient Experience Score (%),77.65,85.0
2024-09,Community Services West,HAI Rate per 1000 Bed Days,0.11,1.5
2024-09,Community Services West,Complaint Resolution within 20 Days (%),80.17,80.0
2024-09,Community Services West,Adverse Event Closure within 30 Days (%),67.9,75.0
2024-10,North Shore Hospital,Hand Hygiene Compliance (%),85.45,80.0
2024-10,North Shore Hospital,Falls per 1000 Bed Days,5.09,5.0
2024-10,North Shore Hospital,Medication Errors per 1000 Admissions,3.34,2.5
2024-10,North Shore Hospital,Pressure Injuries per 1000 Bed Days,1.65,1.5
2024-10,North Shore Hospital,Patient Experience Score (%),74.33,85.0
2024-10,North Shore Hospital,HAI Rate per 1000 Bed Days,1.87,1.5
2024-10,North Shore Hospital,Complaint Resolution within 20 Days (%),65.26,80.0
2024-10,North Shore Hospital,Adverse Event Closure within 30 Days (%),60.34,75.0
2024-10,Waitakere Hospital,Hand Hygiene Compliance (%),86.19,80.0
2024-10,Waitakere Hospital,Falls per 1000 Bed Days,4.62,5.0
2024-10,Waitakere Hospital,Medication Errors per 1000 Admissions,2.33,2.5
2024-10,Waitakere Hospital,Pressure Injuries per 1000 Bed Days,1.96,1.5
2024-10,Waitakere Hospital,Patient Experience Score (%),80.74,85.0
2024-10,Waitakere Hospital,HAI Rate per 1000 Bed Days,1.19,1.5
2024-10,Waitakere Hospital,Complaint Resolution within 20 Days (%),63.81,80.0
2024-10,Waitakere Hospital,Adverse Event Closure within 30 Days (%),62.52,75.0
2024-10,Community Services North,Hand Hygiene Compliance (%),87.15,80.0
2024-10,Community Services North,Falls per 1000 Bed Days,3.6,5.0
2024-10,Community Services North,Medication Errors per 1000 Admissions,3.06,2.5
2024-10,Community Services North,Pressure Injuries per 1000 Bed Days,2.48,1.5
2024-10,Community Services North,Patient Experience Score (%),80.18,85.0
2024-10,Community Services North,HAI Rate per 1000 Bed Days,1.0,1.5
2024-10,Community Services North,Complaint Resolution within 20 Days (%),63.69,80.0
2024-10,Community Services North,Adverse Event Closure within 30 Days (%),62.25,75.0
2024-10,Community Services West,Hand Hygiene Compliance (%),85.92,80.0
2024-10,Community Services West,Falls per 1000 Bed Days,3.6,5.0
2024-10,Community Services West,Medication Errors per 1000 Admissions,4.93,2.5
2024-10,Community Services West,Pressure Injuries per 1000 Bed Days,3.03,1.5
2024-10,Community Services West,Patient Experience Score (%),84.87,85.0
2024-10,Community Services West,HAI Rate per 1000 Bed Days,0.49,1.5
2024-10,Community Services West,Complaint Resolution within 20 Days (%),78.91,80.0
2024-10,Community Services West,Adverse Event Closure within 30 Days (%),59.62,75.0
2024-11,North Shore Hospital,Hand Hygiene Compliance (%),84.25,80.0
2024-11,North Shore Hospital,Falls per 1000 Bed Days,5.27,5.0
2024-11,North Shore Hospital,Medication Errors per 1000 Admissions,3.12,2.5
2024-11,North Shore Hospital,Pressure Injuries per 1000 Bed Days,1.53,1.5
2024-11,North Shore Hospital,Patient Experience Score (%),83.38,85.0
2024-11,North Shore Hospital,HAI Rate per 1000 Bed Days,2.39,1.5
2024-11,North Shore Hospital,Complaint Resolution within 20 Days (%),71.22,80.0
2024-11,North Shore Hospital,Adverse Event Closure within 30 Days (%),57.55,75.0
2024-11,Waitakere Hospital,Hand Hygiene Compliance (%),83.5,80.0
2024-11,Waitakere Hospital,Falls per 1000 Bed Days,4.17,5.0
2024-11,Waitakere Hospital,Medication Errors per 1000 Admissions,1.95,2.5
2024-11,Waitakere Hospital,Pressure Injuries per 1000 Bed Days,2.09,1.5
2024-11,Waitakere Hospital,Patient Experience Score (%),77.96,85.0
2024-11,Waitakere Hospital,HAI Rate per 1000 Bed Days,2.28,1.5
2024-11,Waitakere Hospital,Complaint Resolution within 20 Days (%),70.22,80.0
2024-11,Waitakere Hospital,Adverse Event Closure within 30 Days (%),54.88,75.0
2024-11,Community Services North,Hand Hygiene Compliance (%),83.21,80.0
2024-11,Community Services North,Falls per 1000 Bed Days,4.14,5.0
2024-11,Community Services North,Medication Errors per 1000 Admissions,3.62,2.5
2024-11,Community Services North,Pressure Injuries per 1000 Bed Days,0.64,1.5
2024-11,Community Services North,Patient Experience Score (%),77.35,85.0
2024-11,Community Services North,HAI Rate per 1000 Bed Days,1.99,1.5
2024-11,Community Services North,Complaint Resolution within 20 Days (%),68.05,80.0
2024-11,Community Services North,Adverse Event Closure within 30 Days (%),72.8,75.0
2024-11,Community Services West,Hand Hygiene Compliance (%),88.53,80.0
2024-11,Community Services West,Falls per 1000 Bed Days,6.41,5.0
2024-11,Community Services West,Medication Errors per 1000 Admissions,3.98,2.5
2024-11,Community Services West,Pressure Injuries per 1000 Bed Days,3.28,1.5
2024-11,Community Services West,Patient Experience Score (%),80.11,85.0
2024-11,Community Services West,HAI Rate per 1000 Bed Days,3.81,1.5
2024-11,Community Services West,Complaint Resolution within 20 Days (%),68.76,80.0
2024-11,Community Services West,Adverse Event Closure within 30 Days (%),69.61,75.0
2024-12,North Shore Hospital,Hand Hygiene Compliance (%),84.38,80.0
2024-12,North Shore Hospital,Falls per 1000 Bed Days,5.2,5.0
2024-12,North Shore Hospital,Medication Errors per 1000 Admissions,2.64,2.5
2024-12,North Shore Hospital,Pressure Injuries per 1000 Bed Days,0.98,1.5
2024-12,North Shore Hospital,Patient Experience Score (%),72.55,85.0
2024-12,North Shore Hospital,HAI Rate per 1000 Bed Days,1.56,1.5
2024-12,North Shore Hospital,Complaint Resolution within 20 Days (%),68.4,80.0
2024-12,North Shore Hospital,Adverse Event Closure within 30 Days (%),65.19,75.0
2024-12,Waitakere Hospital,Hand Hygiene Compliance (%),87.81,80.0
2024-12,Waitakere Hospital,Falls per 1000 Bed Days,5.43,5.0
2024-12,Waitakere Hospital,Medication Errors per 1000 Admissions,2.04,2.5
2024-12,Waitakere Hospital,Pressure Injuries per 1000 Bed Days,1.03,1.5
2024-12,Waitakere Hospital,Patient Experience Score (%),93.07,85.0
2024-12,Waitakere Hospital,HAI Rate per 1000 Bed Days,1.29,1.5
2024-12,Waitakere Hospital,Complaint Resolution within 20 Days (%),68.04,80.0
2024-12,Waitakere Hospital,Adverse Event Closure within 30 Days (%),62.37,75.0
2024-12,Community Services North,Hand Hygiene Compliance (%),87.94,80.0
2024-12,Community Services North,Falls per 1000 Bed Days,4.35,5.0
2024-12,Community Services North,Medication Errors per 1000 Admissions,1.53,2.5
2024-12,Community Services North,Pressure Injuries per 1000 Bed Days,2.58,1.5
2024-12,Community Services North,Patient Experience Score (%),82.01,85.0
2024-12,Community Services North,HAI Rate per 1000 Bed Days,1.15,1.5
2024-12,Community Services North,Complaint Resolution within 20 Days (%),71.23,80.0
2024-12,Community Services North,Adverse Event Closure within 30 Days (%),67.11,75.0
2024-12,Community Services West,Hand Hygiene Compliance (%),79.55,80.0
2024-12,Community Services West,Falls per 1000 Bed Days,6.34,5.0
2024-12,Community Services West,Medication Errors per 1000 Admissions,1.34,2.5
2024-12,Community Services West,Pressure Injuries per 1000 Bed Days,0.0,1.5
2024-12,Community Services West,Patient Experience Score (%),77.14,85.0
2024-12,Community Services West,HAI Rate per 1000 Bed Days,0.77,1.5
2024-12,Community Services West,Complaint Resolution within 20 Days (%),60.48,80.0
2024-12,Community Services West,Adverse Event Closure within 30 Days (%),62.66,75.0
2025-01,North Shore Hospital,Hand Hygiene Compliance (%),83.02,80.0
2025-01,North Shore Hospital,Falls per 1000 Bed Days,5.36,5.0
2025-01,North Shore Hospital,Medication Errors per 1000 Admissions,3.28,2.5
2025-01,North Shore Hospital,Pressure Injuries per 1000 Bed Days,1.37,1.5
2025-01,North Shore Hospital,Patient Experience Score (%),77.73,85.0
2025-01,North Shore Hospital,HAI Rate per 1000 Bed Days,2.49,1.5
2025-01,North Shore Hospital,Complaint Resolution within 20 Days (%),77.43,80.0
2025-01,North Shore Hospital,Adverse Event Closure within 30 Days (%),73.4,75.0
2025-01,Waitakere Hospital,Hand Hygiene Compliance (%),84.29,80.0
2025-01,Waitakere Hospital,Falls per 1000 Bed Days,5.62,5.0
2025-01,Waitakere Hospital,Medication Errors per 1000 Admissions,1.69,2.5
2025-01,Waitakere Hospital,Pressure Injuries per 1000 Bed Days,2.27,1.5
2025-01,Waitakere Hospital,Patient Experience Score (%),81.01,85.0
2025-01,Waitakere Hospital,HAI Rate per 1000 Bed Days,1.74,1.5
2025-01,Waitakere Hospital,Complaint Resolution within 20 Days (%),64.04,80.0
2025-01,Waitakere Hospital,Adverse Event Closure within 30 Days (%),57.33,75.0
2025-01,Community Services North,Hand Hygiene Compliance (%),88.5,80.0
2025-01,Community Services North,Falls per 1000 Bed Days,3.67,5.0
2025-01,Community Services North,Medication Errors per 1000 Admissions,1.17,2.5
2025-01,Community Services North,Pressure Injuries per 1000 Bed Days,2.46,1.5
2025-01,Community Services North,Patient Experience Score (%),88.17,85.0
2025-01,Community Services North,HAI Rate per 1000 Bed Days,3.27,1.5
2025-01,Community Services North,Complaint Resolution within 20 Days (%),65.18,80.0
2025-01,Community Services North,Adverse Event Closure within 30 Days (%),58.34,75.0
2025-01,Community Services West,Hand Hygiene Compliance (%),91.16,80.0
2025-01,Community Services West,Falls per 1000 Bed Days,2.94,5.0
2025-01,Community Services West,Medication Errors per 1000 Admissions,0.57,2.5
2025-01,Community Services West,Pressure Injuries per 1000 Bed Days,2.8,1.5
2025-01,Community Services West,Patient Experience Score (%),86.68,85.0
2025-01,Community Services West,HAI Rate per 1000 Bed Days,3.22,1.5
2025-01,Community Services West,Complaint Resolution within 20 Days (%),67.19,80.0
2025-01,Community Services West,Adverse Event Closure within 30 Days (%),75.34,75.0
2025-02,North Shore Hospital,Hand Hygiene Compliance (%),85.52,80.0
2025-02,North Shore Hospital,Falls per 1000 Bed Days,5.7,5.0
2025-02,North Shore Hospital,Medication Errors per 1000 Admissions,3.68,2.5
2025-02,North Shore Hospital,Pressure Injuries per 1000 Bed Days,1.32,1.5
2025-02,North Shore Hospital,Patient Experience Score (%),80.91,85.0
2025-02,North Shore Hospital,HAI Rate per 1000 Bed Days,1.66,1.5
2025-02,North Shore Hospital,Complaint Resolution within 20 Days (%),69.79,80.0
2025-02,North Shore Hospital,Adverse Event Closure within 30 Days (%),62.82,75.0
2025-02,Waitakere Hospital,Hand Hygiene Compliance (%),91.25,80.0
2025-02,Waitakere Hospital,Falls per 1000 Bed Days,5.43,5.0
2025-02,Waitakere Hospital,Medication Errors per 1000 Admissions,3.28,2.5
2025-02,Waitakere Hospital,Pressure Injuries per 1000 Bed Days,2.35,1.5
2025-02,Waitakere Hospital,Patient Experience Score (%),78.48,85.0
2025-02,Waitakere Hospital,HAI Rate per 1000 Bed Days,2.63,1.5
2025-02,Waitakere Hospital,Complaint Resolution within 20 Days (%),62.41,80.0
2025-02,Waitakere Hospital,Adverse Event Closure within 30 Days (%),60.4,75.0
2025-02,Community Services North,Hand Hygiene Compliance (%),82.89,80.0
2025-02,Community Services North,Falls per 1000 Bed Days,3.44,5.0
2025-02,Community Services North,Medication Errors per 1000 Admissions,1.26,2.5
2025-02,Community Services North,Pressure Injuries per 1000 Bed Days,2.27,1.5
2025-02,Community Services North,Patient Experience Score (%),75.17,85.0
2025-02,Community Services North,HAI Rate per 1000 Bed Days,1.45,1.5
2025-02,Community Services North,Complaint Resolution within 20 Days (%),75.97,80.0
2025-02,Community Services North,Adverse Event Closure within 30 Days (%),65.94,75.0
2025-02,Community Services West,Hand Hygiene Compliance (%),87.52,80.0
2025-02,Community Services West,Falls per 1000 Bed Days,4.43,5.0
2025-02,Community Services West,Medication Errors per 1000 Admissions,1.31,2.5
2025-02,Community Services West,Pressure Injuries per 1000 Bed Days,3.04,1.5
2025-02,Community Services West,Patient Experience Score (%),75.74,85.0
2025-02,Community Services West,HAI Rate per 1000 Bed Days,0.0,1.5
2025-02,Community Services West,Complaint Resolution within 20 Days (%),74.62,80.0
2025-02,Community Services West,Adverse Event Closure within 30 Days (%),59.11,75.0
2025-03,North Shore Hospital,Hand Hygiene Compliance (%),90.66,80.0
2025-03,North Shore Hospital,Falls per 1000 Bed Days,4.97,5.0
2025-03,North Shore Hospital,Medication Errors per 1000 Admissions,2.51,2.5
2025-03,North Shore Hospital,Pressure Injuries per 1000 Bed Days,1.86,1.5
2025-03,North Shore Hospital,Patient Experience Score (%),75.07,85.0
2025-03,North Shore Hospital,HAI Rate per 1000 Bed Days,2.12,1.5
2025-03,North Shore Hospital,Complaint Resolution within 20 Days (%),68.22,80.0
2025-03,North Shore Hospital,Adverse Event Closure within 30 Days (%),59.91,75.0
2025-03,Waitakere Hospital,Hand Hygiene Compliance (%),83.65,80.0
2025-03,Waitakere Hospital,Falls per 1000 Bed Days,6.15,5.0
2025-03,Waitakere Hospital,Medication Errors per 1000 Admissions,1.99,2.5
2025-03,Waitakere Hospital,Pressure Injuries per 1000 Bed Days,1.2,1.5
2025-03,Waitakere Hospital,Patient Experience Score (%),78.75,85.0
2025-03,Waitakere Hospital,HAI Rate per 1000 Bed Days,1.51,1.5
2025-03,Waitakere Hospital,Complaint Resolution within 20 Days (%),69.08,80.0
2025-03,Waitakere Hospital,Adverse Event Closure within 30 Days (%),58.92,75.0
2025-03,Community Services North,Hand Hygiene Compliance (%),86.39,80.0
2025-03,Community Services North,Falls per 1000 Bed Days,5.99,5.0
2025-03,Community Services North,Medication Errors per 1000 Admissions,1.32,2.5
2025-03,Community Services North,Pressure Injuries per 1000 Bed Days,2.27,1.5
2025-03,Community Services North,Patient Experience Score (%),82.63,85.0
2025-03,Community Services North,HAI Rate per 1000 Bed Days,0.49,1.5
2025-03,Community Services North,Complaint Resolution within 20 Days (%),71.58,80.0
2025-03,Community Services North,Adverse Event Closure within 30 Days (%),65.47,75.0
2025-03,Community Services West,Hand Hygiene Compliance (%),85.44,80.0
2025-03,Community Services West,Falls per 1000 Bed Days,3.82,5.0
2025-03,Community Services West,Medication Errors per 1000 Admissions,1.7,2.5
2025-03,Community Services West,Pressure Injuries per 1000 Bed Days,3.52,1.5
2025-03,Community Services West,Patient Experience Score (%),76.57,85.0
2025-03,Community Services West,HAI Rate per 1000 Bed Days,0.72,1.5
2025-03,Community Services West,Complaint Resolution within 20 Days (%),66.67,80.0
2025-03,Community Services West,Adverse Event Closure within 30 Days (%),61.96,75.0
2025-04,North Shore Hospital,Hand Hygiene Compliance (%),83.17,80.0
2025-04,North Shore Hospital,Falls per 1000 Bed Days,4.81,5.0
2025-04,North Shore Hospital,Medication Errors per 1000 Admissions,2.96,2.5
2025-04,North Shore Hospital,Pressure Injuries per 1000 Bed Days,1.38,1.5
2025-04,North Shore Hospital,Patient Experience Score (%),75.07,85.0
2025-04,North Shore Hospital,HAI Rate per 1000 Bed Days,2.31,1.5
2025-04,North Shore Hospital,Complaint Resolution within 20 Days (%),76.36,80.0
2025-04,North Shore Hospital,Adverse Event Closure within 30 Days (%),65.32,75.0
2025-04,Waitakere Hospital,Hand Hygiene Compliance (%),87.37,80.0
2025-04,Waitakere Hospital,Falls per 1000 Bed Days,4.85,5.0
2025-04,Waitakere Hospital,Medication Errors per 1000 Admissions,3.77,2.5
2025-04,Waitakere Hospital,Pressure Injuries per 1000 Bed Days,0.5,1.5
2025-04,Waitakere Hospital,Patient Experience Score (%),82.63,85.0
2025-04,Waitakere Hospital,HAI Rate per 1000 Bed Days,0.8,1.5
2025-04,Waitakere Hospital,Complaint Resolution within 20 Days (%),75.21,80.0
2025-04,Waitakere Hospital,Adverse Event Closure within 30 Days (%),74.68,75.0
2025-04,Community Services North,Hand Hygiene Compliance (%),83.69,80.0
2025-04,Community Services North,Falls per 1000 Bed Days,3.68,5.0
2025-04,Community Services North,Medication Errors per 1000 Admissions,2.22,2.5
2025-04,Community Services North,Pressure Injuries per 1000 Bed Days,2.79,1.5
2025-04,Community Services North,Patient Experience Score (%),78.26,85.0
2025-04,Community Services North,HAI Rate per 1000 Bed Days,0.33,1.5
2025-04,Community Services North,Complaint Resolution within 20 Days (%),72.59,80.0
2025-04,Community Services North,Adverse Event Closure within 30 Days (%),67.41,75.0
2025-04,Community Services West,Hand Hygiene Compliance (%),86.01,80.0
2025-04,Community Services West,Falls per 1000 Bed Days,6.44,5.0
2025-04,Community Services West,Medication Errors per 1000 Admissions,4.45,2.5
2025-04,Community Services West,Pressure Injuries per 1000 Bed Days,0.2,1.5
2025-04,Community Services West,Patient Experience Score (%),80.62,85.0
2025-04,Community Services West,HAI Rate per 1000 Bed Days,0.14,1.5
2025-04,Community Services West,Complaint Resolution within 20 Days (%),64.23,80.0
2025-04,Community Services West,Adverse Event Closure within 30 Days (%),67.25,75.0
2025-05,North Shore Hospital,Hand Hygiene Compliance (%),80.19,80.0
2025-05,North Shore Hospital,Falls per 1000 Bed Days,5.03,5.0
2025-05,North Shore Hospital,Medication Errors per 1000 Admissions,3.18,2.5
2025-05,North Shore Hospital,Pressure Injuries per 1000 Bed Days,1.87,1.5
2025-05,North Shore Hospital,Patient Experience Score (%),83.09,85.0
2025-05,North Shore Hospital,HAI Rate per 1000 Bed Days,1.82,1.5
2025-05,North Shore Hospital,Complaint Resolution within 20 Days (%),71.0,80.0
2025-05,North Shore Hospital,Adverse Event Closure within 30 Days (%),70.06,75.0
2025-05,Waitakere Hospital,Hand Hygiene Compliance (%),91.8,80.0
2025-05,Waitakere Hospital,Falls per 1000 Bed Days,6.37,5.0
2025-05,Waitakere Hospital,Medication Errors per 1000 Admissions,3.31,2.5
2025-05,Waitakere Hospital,Pressure Injuries per 1000 Bed Days,0.68,1.5
2025-05,Waitakere Hospital,Patient Experience Score (%),81.11,85.0
2025-05,Waitakere Hospital,HAI Rate per 1000 Bed Days,2.21,1.5
2025-05,Waitakere Hospital,Complaint Resolution within 20 Days (%),74.5,80.0
2025-05,Waitakere Hospital,Adverse Event Closure within 30 Days (%),65.0,75.0
2025-05,Community Services North,Hand Hygiene Compliance (%),84.87,80.0
2025-05,Community Services North,Falls per 1000 Bed Days,2.68,5.0
2025-05,Community Services North,Medication Errors per 1000 Admissions,4.05,2.5
2025-05,Community Services North,Pressure Injuries per 1000 Bed Days,2.24,1.5
2025-05,Community Services North,Patient Experience Score (%),78.12,85.0
2025-05,Community Services North,HAI Rate per 1000 Bed Days,2.68,1.5
2025-05,Community Services North,Complaint Resolution within 20 Days (%),68.61,80.0
2025-05,Community Services North,Adverse Event Closure within 30 Days (%),72.87,75.0
2025-05,Community Services West,Hand Hygiene Compliance (%),83.49,80.0
2025-05,Community Services West,Falls per 1000 Bed Days,6.12,5.0
2025-05,Community Services West,Medication Errors per 1000 Admissions,3.06,2.5
2025-05,Community Services West,Pressure Injuries per 1000 Bed Days,0.1,1.5
2025-05,Community Services West,Patient Experience Score (%),85.07,85.0
2025-05,Community Services West,HAI Rate per 1000 Bed Days,3.54,1.5
2025-05,Community Services West,Complaint Resolution within 20 Days (%),64.57,80.0
2025-05,Community Services West,Adverse Event Closure within 30 Days (%),58.52,75.0
2025-06,North Shore Hospital,Hand Hygiene Compliance (%),85.99,80.0
2025-06,North Shore Hospital,Falls per 1000 Bed Days,5.56,5.0
2025-06,North Shore Hospital,Medication Errors per 1000 Admissions,2.14,2.5
2025-06,North Shore Hospital,Pressure Injuries per 1000 Bed Days,1.79,1.5
2025-06,North Shore Hospital,Patient Experience Score (%),84.31,85.0
2025-06,North Shore Hospital,HAI Rate per 1000 Bed Days,2.25,1.5
2025-06,North Shore Hospital,Complaint Resolution within 20 Days (%),69.33,80.0
2025-06,North Shore Hospital,Adverse Event Closure within 30 Days (%),64.13,75.0
2025-06,Waitakere Hospital,Hand Hygiene Compliance (%),90.85,80.0
2025-06,Waitakere Hospital,Falls per 1000 Bed Days,6.22,5.0
2025-06,Waitakere Hospital,Medication Errors per 1000 Admissions,1.64,2.5
2025-06,Waitakere Hospital,Pressure Injuries per 1000 Bed Days,0.87,1.5
2025-06,Waitakere Hospital,Patient Experience Score (%),79.37,85.0
2025-06,Waitakere Hospital,HAI Rate per 1000 Bed Days,2.48,1.5
2025-06,Waitakere Hospital,Complaint Resolution within 20 Days (%),79.43,80.0
2025-06,Waitakere Hospital,Adverse Event Closure within 30 Days (%),61.69,75.0
2025-06,Community Services North,Hand Hygiene Compliance (%),86.05,80.0
2025-06,Community Services North,Falls per 1000 Bed Days,5.17,5.0
2025-06,Community Services North,Medication Errors per 1000 Admissions,1.48,2.5
2025-06,Community Services North,Pressure Injuries per 1000 Bed Days,3.12,1.5
2025-06,Community Services North,Patient Experience Score (%),87.55,85.0
2025-06,Community Services North,HAI Rate per 1000 Bed Days,0.96,1.5
2025-06,Community Services North,Complaint Resolution within 20 Days (%),70.18,80.0
2025-06,Community Services North,Adverse Event Closure within 30 Days (%),63.71,75.0
2025-06,Community Services West,Hand Hygiene Compliance (%),87.9,80.0
2025-06,Community Services West,Falls per 1000 Bed Days,5.53,5.0
2025-06,Community Services West,Medication Errors per 1000 Admissions,0.74,2.5
2025-06,Community Services West,Pressure Injuries per 1000 Bed Days,2.83,1.5
2025-06,Community Services West,Patient Experience Score (%),74.22,85.0
2025-06,Community Services West,HAI Rate per 1000 Bed Days,0.0,1.5
2025-06,Community Services West,Complaint Resolution within 20 Days (%),69.94,80.0
2025-06,Community Services West,Adverse Event Closure within 30 Days (%),64.17,75.0
2025-07,North Shore Hospital,Hand Hygiene Compliance (%),85.95,80.0
2025-07,North Shore Hospital,Falls per 1000 Bed Days,4.54,5.0
2025-07,North Shore Hospital,Medication Errors per 1000 Admissions,3.03,2.5
2025-07,North Shore Hospital,Pressure Injuries per 1000 Bed Days,1.35,1.5
2025-07,North Shore Hospital,Patient Experience Score (%),84.44,85.0
2025-07,North Shore Hospital,HAI Rate per 1000 Bed Days,2.15,1.5
2025-07,North Shore Hospital,Complaint Resolution within 20 Days (%),74.63,80.0
2025-07,North Shore Hospital,Adverse Event Closure within 30 Days (%),65.14,75.0
2025-07,Waitakere Hospital,Hand Hygiene Compliance (%),89.36,80.0
2025-07,Waitakere Hospital,Falls per 1000 Bed Days,5.44,5.0
2025-07,Waitakere Hospital,Medication Errors per 1000 Admissions,3.88,2.5
2025-07,Waitakere Hospital,Pressure Injuries per 1000 Bed Days,1.87,1.5
2025-07,Waitakere Hospital,Patient Experience Score (%),80.61,85.0
2025-07,Waitakere Hospital,HAI Rate per 1000 Bed Days,0.76,1.5
2025-07,Waitakere Hospital,Complaint Resolution within 20 Days (%),65.24,80.0
2025-07,Waitakere Hospital,Adverse Event Closure within 30 Days (%),63.97,75.0
2025-07,Community Services North,Hand Hygiene Compliance (%),88.51,80.0
2025-07,Community Services North,Falls per 1000 Bed Days,6.22,5.0
2025-07,Community Services North,Medication Errors per 1000 Admissions,1.1,2.5
2025-07,Community Services North,Pressure Injuries per 1000 Bed Days,0.53,1.5
2025-07,Community Services North,Patient Experience Score (%),83.38,85.0
2025-07,Community Services North,HAI Rate per 1000 Bed Days,1.96,1.5
2025-07,Community Services North,Complaint Resolution within 20 Days (%),65.61,80.0
2025-07,Community Services North,Adverse Event Closure within 30 Days (%),72.17,75.0
2025-07,Community Services West,Hand Hygiene Compliance (%),88.1,80.0
2025-07,Community Services West,Falls per 1000 Bed Days,3.9,5.0
2025-07,Community Services West,Medication Errors per 1000 Admissions,3.84,2.5
2025-07,Community Services West,Pressure Injuries per 1000 Bed Days,0.12,1.5
2025-07,Community Services West,Patient Experience Score (%),86.34,85.0
2025-07,Community Services West,HAI Rate per 1000 Bed Days,0.0,1.5
2025-07,Community Services West,Complaint Resolution within 20 Days (%),70.75,80.0
2025-07,Community Services West,Adverse Event Closure within 30 Days (%),60.35,75.0
2025-08,North Shore Hospital,Hand Hygiene Compliance (%),89.05,80.0
2025-08,North Shore Hospital,Falls per 1000 Bed Days,5.37,5.0
2025-08,North Shore Hospital,Medication Errors per 1000 Admissions,1.67,2.5
2025-08,North Shore Hospital,Pressure Injuries per 1000 Bed Days,1.94,1.5
2025-08,North Shore Hospital,Patient Experience Score (%),84.1,85.0
2025-08,North Shore Hospital,HAI Rate per 1000 Bed Days,2.37,1.5
2025-08,North Shore Hospital,Complaint Resolution within 20 Days (%),71.67,80.0
2025-08,North Shore Hospital,Adverse Event Closure within 30 Days (%),66.09,75.0
2025-08,Waitakere Hospital,Hand Hygiene Compliance (%),84.19,80.0
2025-08,Waitakere Hospital,Falls per 1000 Bed Days,4.57,5.0
2025-08,Waitakere Hospital,Medication Errors per 1000 Admissions,1.95,2.5
2025-08,Waitakere Hospital,Pressure Injuries per 1000 Bed Days,1.33,1.5
2025-08,Waitakere Hospital,Patient Experience Score (%),84.33,85.0
2025-08,Waitakere Hospital,HAI Rate per 1000 Bed Days,1.8,1.5
2025-08,Waitakere Hospital,Complaint Resolution within 20 Days (%),71.55,80.0
2025-08,Waitakere Hospital,Adverse Event Closure within 30 Days (%),68.63,75.0
2025-08,Community Services North,Hand Hygiene Compliance (%),88.56,80.0
2025-08,Community Services North,Falls per 1000 Bed Days,4.18,5.0
2025-08,Community Services North,Medication Errors per 1000 Admissions,1.36,2.5
2025-08,Community Services North,Pressure Injuries per 1000 Bed Days,2.24,1.5
2025-08,Community Services North,Patient Experience Score (%),85.33,85.0
2025-08,Community Services North,HAI Rate per 1000 Bed Days,0.63,1.5
2025-08,Community Services North,Complaint Resolution within 20 Days (%),69.18,80.0
2025-08,Community Services North,Adverse Event Closure within 30 Days (%),63.86,75.0
2025-08,Community Services West,Hand Hygiene Compliance (%),86.31,80.0
2025-08,Community Services West,Falls per 1000 Bed Days,3.3,5.0
2025-08,Community Services West,Medication Errors per 1000 Admissions,1.11,2.5
2025-08,Community Services West,Pressure Injuries per 1000 Bed Days,0.0,1.5
2025-08,Community Services West,Patient Experience Score (%),83.54,85.0
2025-08,Community Services West,HAI Rate per 1000 Bed Days,0.03,1.5
2025-08,Community Services West,Complaint Resolution within 20 Days (%),67.89,80.0
2025-08,Community Services West,Adverse Event Closure within 30 Days (%),64.48,75.0
2025-09,North Shore Hospital,Hand Hygiene Compliance (%),86.26,80.0
2025-09,North Shore Hospital,Falls per 1000 Bed Days,4.64,5.0
2025-09,North Shore Hospital,Medication Errors per 1000 Admissions,2.38,2.5
2025-09,North Shore Hospital,Pressure Injuries per 1000 Bed Days,1.93,1.5
2025-09,North Shore Hospital,Patient Experience Score (%),81.54,85.0
2025-09,North Shore Hospital,HAI Rate per 1000 Bed Days,2.24,1.5
2025-09,North Shore Hospital,Complaint Resolution within 20 Days (%),63.7,80.0
2025-09,North Shore Hospital,Adverse Event Closure within 30 Days (%),63.89,75.0
2025-09,Waitakere Hospital,Hand Hygiene Compliance (%),86.17,80.0
2025-09,Waitakere Hospital,Falls per 1000 Bed Days,3.72,5.0
2025-09,Waitakere Hospital,Medication Errors per 1000 Admissions,3.23,2.5
2025-09,Waitakere Hospital,Pressure Injuries per 1000 Bed Days,0.76,1.5
2025-09,Waitakere Hospital,Patient Experience Score (%),82.9,85.0
2025-09,Waitakere Hospital,HAI Rate per 1000 Bed Days,2.62,1.5
2025-09,Waitakere Hospital,Complaint Resolution within 20 Days (%),71.14,80.0
2025-09,Waitakere Hospital,Adverse Event Closure within 30 Days (%),77.89,75.0
2025-09,Community Services North,Hand Hygiene Compliance (%),86.84,80.0
2025-09,Community Services North,Falls per 1000 Bed Days,4.98,5.0
2025-09,Community Services North,Medication Errors per 1000 Admissions,3.59,2.5
2025-09,Community Services North,Pressure Injuries per 1000 Bed Days,0.25,1.5
2025-09,Community Services North,Patient Experience Score (%),83.69,85.0
2025-09,Community Services North,HAI Rate per 1000 Bed Days,0.86,1.5
2025-09,Community Services North,Complaint Resolution within 20 Days (%),72.87,80.0
2025-09,Community Services North,Adverse Event Closure within 30 Days (%),64.21,75.0
2025-09,Community Services West,Hand Hygiene Compliance (%),80.63,80.0
2025-09,Community Services West,Falls per 1000 Bed Days,1.67,5.0
2025-09,Community Services West,Medication Errors per 1000 Admissions,4.62,2.5
2025-09,Community Services West,Pressure Injuries per 1000 Bed Days,0.0,1.5
2025-09,Community Services West,Patient Experience Score (%),79.47,85.0
2025-09,Community Services West,HAI Rate per 1000 Bed Days,3.74,1.5
2025-09,Community Services West,Complaint Resolution within 20 Days (%),71.48,80.0
2025-09,Community Services West,Adverse Event Closure within 30 Days (%),66.34,75.0
2025-10,North Shore Hospital,Hand Hygiene Compliance (%),82.83,80.0
2025-10,North Shore Hospital,Falls per 1000 Bed Days,2.99,5.0
2025-10,North Shore Hospital,Medication Errors per 1000 Admissions,2.58,2.5
2025-10,North Shore Hospital,Pressure Injuries per 1000 Bed Days,1.31,1.5
2025-10,North Shore Hospital,Patient Experience Score (%),83.16,85.0
2025-10,North Shore Hospital,HAI Rate per 1000 Bed Days,2.33,1.5
2025-10,North Shore Hospital,Complaint Resolution within 20 Days (%),68.18,80.0
2025-10,North Shore Hospital,Adverse Event Closure within 30 Days (%),72.05,75.0
2025-10,Waitakere Hospital,Hand Hygiene Compliance (%),87.88,80.0
2025-10,Waitakere Hospital,Falls per 1000 Bed Days,4.14,5.0
2025-10,Waitakere Hospital,Medication Errors per 1000 Admissions,1.97,2.5
2025-10,Waitakere Hospital,Pressure Injuries per 1000 Bed Days,1.3,1.5
2025-10,Waitakere Hospital,Patient Experience Score (%),84.96,85.0
2025-10,Waitakere Hospital,HAI Rate per 1000 Bed Days,2.06,1.5
2025-10,Waitakere Hospital,Complaint Resolution within 20 Days (%),79.19,80.0
2025-10,Waitakere Hospital,Adverse Event Closure within 30 Days (%),61.19,75.0
2025-10,Community Services North,Hand Hygiene Compliance (%),85.02,80.0
2025-10,Community Services North,Falls per 1000 Bed Days,2.82,5.0
2025-10,Community Services North,Medication Errors per 1000 Admissions,1.68,2.5
2025-10,Community Services North,Pressure Injuries per 1000 Bed Days,0.79,1.5
2025-10,Community Services North,Patient Experience Score (%),77.72,85.0
2025-10,Community Services North,HAI Rate per 1000 Bed Days,2.97,1.5
2025-10,Community Services North,Complaint Resolution within 20 Days (%),70.29,80.0
2025-10,Community Services North,Adverse Event Closure within 30 Days (%),66.93,75.0
2025-10,Community Services West,Hand Hygiene Compliance (%),84.57,80.0
2025-10,Community Services West,Falls per 1000 Bed Days,6.37,5.0
2025-10,Community Services West,Medication Errors per 1000 Admissions,1.39,2.5
2025-10,Community Services West,Pressure Injuries per 1000 Bed Days,2.96,1.5
2025-10,Community Services West,Patient Experience Score (%),84.0,85.0
2025-10,Community Services West,HAI Rate per 1000 Bed Days,3.37,1.5
2025-10,Community Services West,Complaint Resolution within 20 Days (%),72.5,80.0
2025-10,Community Services West,Adverse Event Closure within 30 Days (%),58.1,75.0
2025-11,North Shore Hospital,Hand Hygiene Compliance (%),84.78,80.0
2025-11,North Shore Hospital,Falls per 1000 Bed Days,4.12,5.0
2025-11,North Shore Hospital,Medication Errors per 1000 Admissions,2.37,2.5
2025-11,North Shore Hospital,Pressure Injuries per 1000 Bed Days,1.23,1.5
2025-11,North Shore Hospital,Patient Experience Score (%),82.95,85.0
2025-11,North Shore Hospital,HAI Rate per 1000 Bed Days,1.8,1.5
2025-11,North Shore Hospital,Complaint Resolution within 20 Days (%),66.99,80.0
2025-11,North Shore Hospital,Adverse Event Closure within 30 Days (%),68.04,75.0
2025-11,Waitakere Hospital,Hand Hygiene Compliance (%),85.8,80.0
2025-11,Waitakere Hospital,Falls per 1000 Bed Days,4.49,5.0
2025-11,Waitakere Hospital,Medication Errors per 1000 Admissions,1.87,2.5
2025-11,Waitakere Hospital,Pressure Injuries per 1000 Bed Days,0.65,1.5
2025-11,Waitakere Hospital,Patient Experience Score (%),86.67,85.0
2025-11,Waitakere Hospital,HAI Rate per 1000 Bed Days,0.88,1.5
2025-11,Waitakere Hospital,Complaint Resolution within 20 Days (%),75.17,80.0
2025-11,Waitakere Hospital,Adverse Event Closure within 30 Days (%),69.76,75.0
2025-11,Community Services North,Hand Hygiene Compliance (%),89.85,80.0
2025-11,Community Services North,Falls per 1000 Bed Days,4.92,5.0
2025-11,Community Services North,Medication Errors per 1000 Admissions,1.49,2.5
2025-11,Community Services North,Pressure Injuries per 1000 Bed Days,0.38,1.5
2025-11,Community Services North,Patient Experience Score (%),81.59,85.0
2025-11,Community Services North,HAI Rate per 1000 Bed Days,1.1,1.5
2025-11,Community Services North,Complaint Resolution within 20 Days (%),78.16,80.0
2025-11,Community Services North,Adverse Event Closure within 30 Days (%),61.64,75.0
2025-11,Community Services West,Hand Hygiene Compliance (%),94.4,80.0
2025-11,Community Services West,Falls per 1000 Bed Days,3.39,5.0
2025-11,Community Services West,Medication Errors per 1000 Admissions,3.72,2.5
2025-11,Community Services West,Pressure Injuries per 1000 Bed Days,3.01,1.5
2025-11,Community Services West,Patient Experience Score (%),85.67,85.0
2025-11,Community Services West,HAI Rate per 1000 Bed Days,0.47,1.5
2025-11,Community Services West,Complaint Resolution within 20 Days (%),75.62,80.0
2025-11,Community Services West,Adverse Event Closure within 30 Days (%),61.59,75.0
2025-12,North Shore Hospital,Hand Hygiene Compliance (%),89.71,80.0
2025-12,North Shore Hospital,Falls per 1000 Bed Days,4.69,5.0
2025-12,North Shore Hospital,Medication Errors per 1000 Admissions,1.33,2.5
2025-12,North Shore Hospital,Pressure Injuries per 1000 Bed Days,1.61,1.5
2025-12,North Shore Hospital,Patient Experience Score (%),83.34,85.0
2025-12,North Shore Hospital,HAI Rate per 1000 Bed Days,1.22,1.5
2025-12,North Shore Hospital,Complaint Resolution within 20 Days (%),65.92,80.0
2025-12,North Shore Hospital,Adverse Event Closure within 30 Days (%),66.78,75.0
2025-12,Waitakere Hospital,Hand Hygiene Compliance (%),92.05,80.0
2025-12,Waitakere Hospital,Falls per 1000 Bed Days,6.17,5.0
2025-12,Waitakere Hospital,Medication Errors per 1000 Admissions,3.85,2.5
2025-12,Waitakere Hospital,Pressure Injuries per 1000 Bed Days,1.15,1.5
2025-12,Waitakere Hospital,Patient Experience Score (%),86.86,85.0
2025-12,Waitakere Hospital,HAI Rate per 1000 Bed Days,2.24,1.5
2025-12,Waitakere Hospital,Complaint Resolution within 20 Days (%),72.5,80.0
2025-12,Waitakere Hospital,Adverse Event Closure within 30 Days (%),61.56,75.0
2025-12,Community Services North,Hand Hygiene Compliance (%),88.38,80.0
2025-12,Community Services North,Falls per 1000 Bed Days,6.08,5.0
2025-12,Community Services North,Medication Errors per 1000 Admissions,3.69,2.5
2025-12,Community Services North,Pressure Injuries per 1000 Bed Days,2.45,1.5
2025-12,Community Services North,Patient Experience Score (%),85.89,85.0
2025-12,Community Services North,HAI Rate per 1000 Bed Days,0.52,1.5
2025-12,Community Services North,Complaint Resolution within 20 Days (%),69.85,80.0
2025-12,Community Services North,Adverse Event Closure within 30 Days (%),66.74,75.0
2025-12,Community Services West,Hand Hygiene Compliance (%),84.6,80.0
2025-12,Community Services West,Falls per 1000 Bed Days,3.51,5.0
2025-12,Community Services West,Medication Errors per 1000 Admissions,1.34,2.5
2025-12,Community Services West,Pressure Injuries per 1000 Bed Days,0.02,1.5
2025-12,Community Services West,Patient Experience Score (%),77.86,85.0
2025-12,Community Services West,HAI Rate per 1000 Bed Days,0.54,1.5
2025-12,Community Services West,Complaint Resolution within 20 Days (%),74.57,80.0
2025-12,Community Services West,Adverse Event Closure within 30 Days (%),62.18,75.0
